;precision;recall;f1-score;support
0;0.8;1.0;0.8888888888888888;8.0
1;1.0;0.75;0.8571428571428571;8.0
accuracy;0.875;0.875;0.875;0.875
macro avg;0.9;0.875;0.873015873015873;16.0
weighted avg;0.9;0.875;0.873015873015873;16.0
