;precision;recall;f1-score;support
0;0.7777777777777778;0.875;0.8235294117647058;8.0
1;0.8571428571428571;0.75;0.8;8.0
accuracy;0.8125;0.8125;0.8125;0.8125
macro avg;0.8174603174603174;0.8125;0.8117647058823529;16.0
weighted avg;0.8174603174603174;0.8125;0.8117647058823529;16.0
